{"name":"Hush","settings":{"physics":{"gravity":[0,-9.8,0]},"render":{"fog_end":1000,"fog_start":1,"global_ambient":[0.2,0.2,0.2],"fog_color":[0,0,0],"fog":"none","fog_density":0.01,"gamma_correction":1,"tonemapping":0,"exposure":1,"skybox":null,"skyboxIntensity":1,"skyboxMip":0,"lightmapSizeMultiplier":16,"lightmapMaxResolution":2048,"lightmapMode":1,"skyboxRotation":[0,0,0]}},"entities":{"595a0ed7-affe-485d-9b57-7b1a49fe8d4d":{"name":"Root","parent":null,"resource_id":"595a0ed7-affe-485d-9b57-7b1a49fe8d4d","tags":[],"enabled":true,"components":{},"scale":[1,1,1],"position":[0,0,0],"rotation":[0,0,0],"children":["c5985f4c-e9d9-4e3b-b6cf-4e5a84bec50d","ab0db3df-ebb9-453d-94c8-8a5d4e183fce","150f5e25-6821-432b-8aa5-33751c3f945c","9f0364ff-56e4-43a6-bf07-088bc46a35c5","a85f2cb9-073f-49ae-ab55-f154c8fb267e"]},"c5985f4c-e9d9-4e3b-b6cf-4e5a84bec50d":{"name":"Camera","parent":"595a0ed7-affe-485d-9b57-7b1a49fe8d4d","resource_id":"c5985f4c-e9d9-4e3b-b6cf-4e5a84bec50d","tags":[],"enabled":true,"components":{"camera":{"fov":45,"projection":0,"clearColor":[0.118,0.118,0.118,1],"clearColorBuffer":true,"clearDepthBuffer":true,"frustumCulling":true,"enabled":true,"orthoHeight":4,"farClip":1000,"nearClip":0.1,"priority":0,"rect":[0,0,1,1],"layers":[0,1,2,3,4]}},"scale":[1,1,1],"position":[15.915655136108398,11.583843402028432,15.363308906555176],"rotation":[-30,45,0],"children":[]},"ab0db3df-ebb9-453d-94c8-8a5d4e183fce":{"name":"Light","parent":"595a0ed7-affe-485d-9b57-7b1a49fe8d4d","resource_id":"ab0db3df-ebb9-453d-94c8-8a5d4e183fce","tags":[],"enabled":true,"components":{"light":{"enabled":true,"bake":false,"bakeDir":true,"affectDynamic":true,"affectLightmapped":false,"isStatic":false,"color":[1,1,1],"intensity":1,"type":"directional","shadowDistance":16,"range":8,"innerConeAngle":40,"outerConeAngle":45,"falloffMode":0,"castShadows":true,"shadowUpdateMode":2,"shadowType":0,"shadowResolution":1024,"shadowBias":0.4,"normalOffsetBias":0.05,"vsmBlurMode":1,"vsmBlurSize":11,"vsmBias":0.01,"cookieAsset":null,"cookieIntensity":1,"cookieFalloff":true,"cookieChannel":"rgb","cookieAngle":0,"cookieScale":[1,1],"cookieOffset":[0,0],"layers":[0]}},"scale":[1,1,1],"position":[2,2,-2],"rotation":[45,135,0],"children":[]},"150f5e25-6821-432b-8aa5-33751c3f945c":{"name":"Ground","parent":"595a0ed7-affe-485d-9b57-7b1a49fe8d4d","resource_id":"150f5e25-6821-432b-8aa5-33751c3f945c","tags":[],"enabled":true,"components":{"model":{"enabled":true,"type":"cylinder","asset":null,"materialAsset":42169096,"castShadows":true,"receiveShadows":true,"lightmapped":false,"lightmapSizeMultiplier":1,"castShadowsLightmap":true,"isStatic":false,"layers":[0],"batchGroupId":null},"collision":{"enabled":true,"type":"cylinder","halfExtents":[0.5,0.5,0.5],"radius":10,"axis":1,"height":0.5,"asset":null},"rigidbody":{"enabled":true,"type":"static","mass":1,"linearDamping":0,"angularDamping":0,"linearFactor":[1,1,1],"angularFactor":[1,1,1],"friction":0.5,"restitution":0.5}},"scale":[20,0.5,20],"position":[0,-0.25,0],"rotation":[0,0,0],"children":[]},"9f0364ff-56e4-43a6-bf07-088bc46a35c5":{"name":"Capsule","tags":[],"enabled":true,"resource_id":"9f0364ff-56e4-43a6-bf07-088bc46a35c5","parent":"595a0ed7-affe-485d-9b57-7b1a49fe8d4d","children":[],"position":[0,1.9832493554056088,0],"rotation":[0,0,0],"scale":[1,1,1],"components":{"model":{"enabled":true,"type":"capsule","asset":null,"materialAsset":42169092,"castShadows":true,"castShadowsLightmap":true,"receiveShadows":true,"lightmapped":false,"lightmapSizeMultiplier":1,"castShadowsLightMap":true,"lightMapped":false,"lightMapSizeMultiplier":1,"isStatic":false,"layers":[0],"batchGroupId":null},"collision":{"enabled":true,"type":"capsule","halfExtents":[0.5,0.5,0.5],"radius":0.5,"axis":1,"height":2,"asset":null},"rigidbody":{"enabled":true,"type":"dynamic","mass":1,"linearDamping":0.99,"angularDamping":0,"linearFactor":[1,1,1],"angularFactor":[0,0,0],"friction":0.75,"restitution":0.5},"script":{"enabled":true,"order":["movement"],"scripts":{"movement":{"enabled":true,"attributes":{"playerSpeed":30}}}}}},"a85f2cb9-073f-49ae-ab55-f154c8fb267e":{"name":"Other","tags":[],"enabled":false,"resource_id":"a85f2cb9-073f-49ae-ab55-f154c8fb267e","parent":"595a0ed7-affe-485d-9b57-7b1a49fe8d4d","children":[],"position":[0,1.9486387281480475,0],"rotation":[0,0,0],"scale":[1,1,1],"components":{"model":{"enabled":true,"type":"capsule","asset":null,"materialAsset":42169092,"castShadows":true,"castShadowsLightmap":true,"receiveShadows":true,"lightmapped":false,"lightmapSizeMultiplier":1,"castShadowsLightMap":true,"lightMapped":false,"lightMapSizeMultiplier":1,"isStatic":false,"layers":[0],"batchGroupId":null},"collision":{"enabled":true,"type":"capsule","halfExtents":[0.5,0.5,0.5],"radius":0.5,"axis":1,"height":2,"asset":null},"rigidbody":{"enabled":true,"type":"dynamic","mass":1,"linearDamping":0.99,"angularDamping":0,"linearFactor":[1,1,1],"angularFactor":[0,0,0],"friction":0.75,"restitution":0.5},"script":{"enabled":true,"order":["movement"],"scripts":{"movement":{"enabled":true,"attributes":{"playerSpeed":30}}}}}}},"created":"2021-02-05T17:36:52.769Z","id":1085589}